<?xml version="1.0" encoding="UTF-8"?>
<!DOCTYPE suite SYSTEM "https://testng.org/testng-1.0.dtd" >
<suite name="TestNG Exam Tests" >
    <listeners>
        <listener class-name="utils.TestListener"/>
    </listeners>

    <test name="Tests" parallel="classes" thread-count="2">
        <groups>
            <run>
                <exclude name="DEMO_TEST" />
                <exclude name="DEMO_API_TEST" />
            </run>
        </groups>
        <classes>
            <class name="ExamTests"/>
        </classes>
    </test>
</suite>